EE212,1,1,Submit this homework on CanvasPath. Grade is out of 100
IST110,1,1,Submit this homework on CanvasPath. Grade is out of 100
MATH231,1,1,Submit this homework on CanvasPath. Grade is out of 100
CMPEN431,2,1,Submit this homework on CanvasPath. Grade is out of 100
CMPSC461,1,1,Submit this homework on CanvasPath. Grade is out of 100
PHYS213,1,1,Submit this homework on CanvasPath. Grade is out of 100
STAT414,1,1,Submit this homework on CanvasPath. Grade is out of 100
CMPEN270,1,1,Submit this homework on CanvasPath. Grade is out of 100
IST558,1,1,Submit this homework on CanvasPath. Grade is out of 100
CMPSC360,1,1,Submit this homework on CanvasPath. Grade is out of 100
EE353,2,1,Submit this homework on CanvasPath. Grade is out of 100
CMPEN351,2,1,Submit this homework on CanvasPath. Grade is out of 100
CMPSC221,2,1,Submit this homework on CanvasPath. Grade is out of 100
CSE583,2,1,Submit this homework on CanvasPath. Grade is out of 100
ECON102,2,1,Submit this homework on CanvasPath. Grade is out of 100
EE212,2,1,Submit this homework on CanvasPath. Grade is out of 100
EE210,2,1,Submit this homework on CanvasPath. Grade is out of 100
EE210,1,1,Submit this homework on CanvasPath. Grade is out of 100
CHEM111,1,1,Submit this homework on CanvasPath. Grade is out of 100
MATH230,1,1,Submit this homework on CanvasPath. Grade is out of 100
MATH140,2,1,Submit this homework on CanvasPath. Grade is out of 100
CHEM110,1,1,Submit this homework on CanvasPath. Grade is out of 100
CMPSC448,1,1,Submit this homework on CanvasPath. Grade is out of 100
CMPEN454,1,1,Submit this homework on CanvasPath. Grade is out of 100
STAT319,1,1,Submit this homework on CanvasPath. Grade is out of 100
CHEM111,2,1,Submit this homework on CanvasPath. Grade is out of 100
ECON201,2,1,Submit this homework on CanvasPath. Grade is out of 100
CHEM112,1,1,Submit this homework on CanvasPath. Grade is out of 100
DS120,2,1,Submit this homework on CanvasPath. Grade is out of 100
CMPSC475,1,1,Submit this homework on CanvasPath. Grade is out of 100
CMPSC360,2,1,Submit this homework on CanvasPath. Grade is out of 100
CMPEN331,1,1,Submit this homework on CanvasPath. Grade is out of 100
CMPSC132,2,1,Submit this homework on CanvasPath. Grade is out of 100
PHYS214,1,1,Submit this homework on CanvasPath. Grade is out of 100
CMPEN362,1,1,Submit this homework on CanvasPath. Grade is out of 100
STAT415,2,1,Submit this homework on CanvasPath. Grade is out of 100
CMPSC431W,1,1,Submit this homework on CanvasPath. Grade is out of 100
EE353,1,1,Submit this homework on CanvasPath. Grade is out of 100
STAT415,1,1,Submit this homework on CanvasPath. Grade is out of 100
CMPEN411,1,1,Submit this homework on CanvasPath. Grade is out of 100
CMPSC497,2,1,Submit this homework on CanvasPath. Grade is out of 100
CMPEN411,2,1,Submit this homework on CanvasPath. Grade is out of 100
DS120,1,1,Submit this homework on CanvasPath. Grade is out of 100
CMPSC475,2,1,Submit this homework on CanvasPath. Grade is out of 100
EE311,1,1,Submit this homework on CanvasPath. Grade is out of 100
ECON102,1,1,Submit this homework on CanvasPath. Grade is out of 100
CMPSC311,1,1,Submit this homework on CanvasPath. Grade is out of 100
ECON201,1,1,Submit this homework on CanvasPath. Grade is out of 100
CMPSC131,1,1,Submit this homework on CanvasPath. Grade is out of 100
EE340,1,1,Submit this homework on CanvasPath. Grade is out of 100
MATH141,1,1,Submit this homework on CanvasPath. Grade is out of 100
CMPSC465,2,1,Submit this homework on CanvasPath. Grade is out of 100
IST128,1,1,Submit this homework on CanvasPath. Grade is out of 100
PHYS212,2,1,Submit this homework on CanvasPath. Grade is out of 100
PHYS211,2,1,Submit this homework on CanvasPath. Grade is out of 100
MATH141,2,1,Submit this homework on CanvasPath. Grade is out of 100
CHEM110,2,1,Submit this homework on CanvasPath. Grade is out of 100
EE340,2,1,Submit this homework on CanvasPath. Grade is out of 100
EE352,2,1,Submit this homework on CanvasPath. Grade is out of 100
CMPEN441,1,1,Submit this homework on CanvasPath. Grade is out of 100
CMPEN270,2,1,Submit this homework on CanvasPath. Grade is out of 100
IST110,2,1,Submit this homework on CanvasPath. Grade is out of 100
CHEM112,2,1,Submit this homework on CanvasPath. Grade is out of 100
CMPSC448,2,1,Submit this homework on CanvasPath. Grade is out of 100
MATH230,2,1,Submit this homework on CanvasPath. Grade is out of 100
MATH231,2,1,Submit this homework on CanvasPath. Grade is out of 100
CMPEN351,1,1,Submit this homework on CanvasPath. Grade is out of 100
CMPEN431,1,1,Submit this homework on CanvasPath. Grade is out of 100
CMPSC465,1,1,Submit this homework on CanvasPath. Grade is out of 100
EE211,1,1,Submit this homework on CanvasPath. Grade is out of 100
STAT318,1,1,Submit this homework on CanvasPath. Grade is out of 100
ECON101,1,1,Submit this homework on CanvasPath. Grade is out of 100
PHYS214,2,1,Submit this homework on CanvasPath. Grade is out of 100
EE330,2,1,Submit this homework on CanvasPath. Grade is out of 100
CMPSC221,1,1,Submit this homework on CanvasPath. Grade is out of 100
STAT319,2,1,Submit this homework on CanvasPath. Grade is out of 100
CMPSC497,1,1,Submit this homework on CanvasPath. Grade is out of 100
CMPEN454,2,1,Submit this homework on CanvasPath. Grade is out of 100
ECON101,2,1,Submit this homework on CanvasPath. Grade is out of 100
STAT318,2,1,Submit this homework on CanvasPath. Grade is out of 100
CSE583,1,1,Submit this homework on CanvasPath. Grade is out of 100
CMPEN331,2,1,Submit this homework on CanvasPath. Grade is out of 100
EE211,2,1,Submit this homework on CanvasPath. Grade is out of 100
EE330,1,1,Submit this homework on CanvasPath. Grade is out of 100
IST128,2,1,Submit this homework on CanvasPath. Grade is out of 100
PHYS211,1,1,Submit this homework on CanvasPath. Grade is out of 100
CSE543,2,1,Submit this homework on CanvasPath. Grade is out of 100
EE320,2,1,Submit this homework on CanvasPath. Grade is out of 100
EE320,1,1,Submit this homework on CanvasPath. Grade is out of 100
EE311,2,1,Submit this homework on CanvasPath. Grade is out of 100
CMPSC311,2,1,Submit this homework on CanvasPath. Grade is out of 100
PHYS213,2,1,Submit this homework on CanvasPath. Grade is out of 100
PHYS212,1,1,Submit this homework on CanvasPath. Grade is out of 100
STAT414,2,1,Submit this homework on CanvasPath. Grade is out of 100
CMPSC132,1,1,Submit this homework on CanvasPath. Grade is out of 100
IST558,2,1,Submit this homework on CanvasPath. Grade is out of 100
CSE543,1,1,Submit this homework on CanvasPath. Grade is out of 100
EE352,1,1,Submit this homework on CanvasPath. Grade is out of 100
DS220,1,1,Submit this homework on CanvasPath. Grade is out of 100
CMPSC431W,2,1,Submit this homework on CanvasPath. Grade is out of 100
DS220,2,1,Submit this homework on CanvasPath. Grade is out of 100
CMPSC461,2,1,Submit this homework on CanvasPath. Grade is out of 100
CMPSC131,2,1,Submit this homework on CanvasPath. Grade is out of 100
CMPEN441,2,1,Submit this homework on CanvasPath. Grade is out of 100
MATH140,1,1,Submit this homework on CanvasPath. Grade is out of 100
CMPEN362,2,1,Submit this homework on CanvasPath. Grade is out of 100
